web_scraper_order,web_scraper_start_url,img_src
"1548734387-25","https://www.instagram.com/marguer.ite/","https://scontent-ort2-1.cdninstagram.com/vp/a2ec47f1cdcacb580d20936791c45150/5CF6820F/t51.2885-15/sh0.08/e35/s640x640/46580273_2780400968852608_6287161608412027839_n.jpg?_nc_ht=scontent-ort2-1.cdninstagram.com"
"1548734387-48","https://www.instagram.com/marguer.ite/","https://scontent-ort2-1.cdninstagram.com/vp/f2441777a73966a13c6958d3bcb23a21/5CF1BAF3/t51.2885-15/sh0.08/e35/s640x640/21909199_2018756631737860_2391402653285351424_n.jpg?_nc_ht=scontent-ort2-1.cdninstagram.com"
"1548734387-29","https://www.instagram.com/marguer.ite/","https://scontent-ort2-1.cdninstagram.com/vp/72a0431b3bafabb51579b3ee0a813d19/5CFB5FAF/t51.2885-15/sh0.08/e35/c135.0.810.810/s640x640/43817816_2055753201113429_8544047438120335816_n.jpg?_nc_ht=scontent-ort2-1.cdninstagram.com"
"1548734387-40","https://www.instagram.com/marguer.ite/","https://scontent-ort2-1.cdninstagram.com/vp/59fa2e64b83520c1d5c35fe87e73b6f4/5CE8BFAF/t51.2885-15/sh0.08/e35/s640x640/26871403_1855611417807128_6774024407821058048_n.jpg?_nc_ht=scontent-ort2-1.cdninstagram.com"
"1548734387-38","https://www.instagram.com/marguer.ite/","https://scontent-ort2-1.cdninstagram.com/vp/aa2f12802caf6a531231a14e6201a55e/5CE9957C/t51.2885-15/sh0.08/e35/s640x640/31384574_862946527223212_593017808279830528_n.jpg?_nc_ht=scontent-ort2-1.cdninstagram.com"
"1548734387-26","https://www.instagram.com/marguer.ite/","https://scontent-ort2-1.cdninstagram.com/vp/246def2f19149c3262c640ee800438a9/5CEC7B28/t51.2885-15/sh0.08/e35/c135.0.810.810/s640x640/47582625_323852518223177_4336457026158925089_n.jpg?_nc_ht=scontent-ort2-1.cdninstagram.com"
"1548734387-47","https://www.instagram.com/marguer.ite/","https://scontent-ort2-1.cdninstagram.com/vp/c6d84a9ff3141ee77f4d89e3c3f46579/5CEBDD3F/t51.2885-15/sh0.08/e35/s640x640/22344853_372482206526334_7367380264386822144_n.jpg?_nc_ht=scontent-ort2-1.cdninstagram.com"
"1548734387-34","https://www.instagram.com/marguer.ite/","https://scontent-ort2-1.cdninstagram.com/vp/544d4453dbdc44c41bb55e9431b49e5d/5CF76E47/t51.2885-15/sh0.08/e35/s640x640/40449162_268356257126819_8021923102638438314_n.jpg?_nc_ht=scontent-ort2-1.cdninstagram.com"
"1548734387-42","https://www.instagram.com/marguer.ite/","https://scontent-ort2-1.cdninstagram.com/vp/7fd025ef240d19197e3bc79351545f23/5CE39579/t51.2885-15/sh0.08/e35/s640x640/23970182_127672727927262_2648435434970939392_n.jpg?_nc_ht=scontent-ort2-1.cdninstagram.com"
"1548734387-32","https://www.instagram.com/marguer.ite/","https://scontent-ort2-1.cdninstagram.com/vp/4ae05502c1b5f43af56fc28381d85b69/5CF89B6A/t51.2885-15/sh0.08/e35/s640x640/41780981_2233415953544805_9167329582368191843_n.jpg?_nc_ht=scontent-ort2-1.cdninstagram.com"
"1548734387-36","https://www.instagram.com/marguer.ite/","https://scontent-ort2-1.cdninstagram.com/vp/1f23b7a93042e98f0f7907f490e22ebc/5CE85242/t51.2885-15/sh0.08/e35/c0.135.1080.1080/s640x640/36085053_1943861752325412_6395565629297917952_n.jpg?_nc_ht=scontent-ort2-1.cdninstagram.com"
"1548734387-45","https://www.instagram.com/marguer.ite/","https://scontent-ort2-1.cdninstagram.com/vp/c080fce80183e75ca6514f647fd00216/5D00B3C0/t51.2885-15/sh0.08/e35/s640x640/22580952_162289077603861_6689472178393448448_n.jpg?_nc_ht=scontent-ort2-1.cdninstagram.com"
"1548734387-37","https://www.instagram.com/marguer.ite/","https://scontent-ort2-1.cdninstagram.com/vp/253cd5641d51053544e61c15a6e4b857/5CF51D39/t51.2885-15/sh0.08/e35/s640x640/32135587_643235829355982_2216205809090560000_n.jpg?_nc_ht=scontent-ort2-1.cdninstagram.com"
"1548734387-41","https://www.instagram.com/marguer.ite/","https://scontent-ort2-1.cdninstagram.com/vp/939cc95e96875a122763bc9b26b51ca9/5C51E936/t51.2885-15/e15/s640x640/26329614_157044234938160_8386456345938755584_n.jpg?_nc_ht=scontent-ort2-1.cdninstagram.com"
"1548734387-43","https://www.instagram.com/marguer.ite/","https://scontent-ort2-1.cdninstagram.com/vp/3e03ec23bfb61abea7406f53649c8e25/5CE46178/t51.2885-15/sh0.08/e35/s640x640/23347809_315037665640541_5610906891371675648_n.jpg?_nc_ht=scontent-ort2-1.cdninstagram.com"
"1548734387-46","https://www.instagram.com/marguer.ite/","https://scontent-ort2-1.cdninstagram.com/vp/e30573c22f63d64edbfd2ed7f6669dac/5C523BE1/t51.2885-15/e15/s640x640/22430152_163953140868987_7649459362607398912_n.jpg?_nc_ht=scontent-ort2-1.cdninstagram.com"
"1548734387-28","https://www.instagram.com/marguer.ite/","https://scontent-ort2-1.cdninstagram.com/vp/84b5cd2be60983b01c0bfb0badd9b862/5CE600D0/t51.2885-15/sh0.08/e35/s640x640/44316652_2199393077001116_8145415932776119450_n.jpg?_nc_ht=scontent-ort2-1.cdninstagram.com"
"1548734387-33","https://www.instagram.com/marguer.ite/","https://scontent-ort2-1.cdninstagram.com/vp/6fc06443b5611ce8e39a18f03f444b02/5CECBD6D/t51.2885-15/sh0.08/e35/s640x640/40756319_1900428310051585_2078254350387463430_n.jpg?_nc_ht=scontent-ort2-1.cdninstagram.com"
"1548734387-39","https://www.instagram.com/marguer.ite/","https://scontent-ort2-1.cdninstagram.com/vp/92bccb2b89618d14c22e19786554da12/5CEDD9CA/t51.2885-15/sh0.08/e35/s640x640/28429437_2035438570077811_4802476351275663360_n.jpg?_nc_ht=scontent-ort2-1.cdninstagram.com"
"1548734387-44","https://www.instagram.com/marguer.ite/","https://scontent-ort2-1.cdninstagram.com/vp/019315b10433850b86aed22e31975c6a/5CF252F5/t51.2885-15/sh0.08/e35/s640x640/22711047_1895260780691261_2301613961075752960_n.jpg?_nc_ht=scontent-ort2-1.cdninstagram.com"
"1548734387-35","https://www.instagram.com/marguer.ite/","https://scontent-ort2-1.cdninstagram.com/vp/d2f3343914ecd3c6c782a172b1738bfb/5C52CDCA/t51.2885-15/sh0.08/e35/s640x640/36988934_470793440048836_3678125497402785792_n.jpg?_nc_ht=scontent-ort2-1.cdninstagram.com"
"1548734387-27","https://www.instagram.com/marguer.ite/","https://scontent-ort2-1.cdninstagram.com/vp/f264ce3ee3b819167115631898cced34/5CE8169C/t51.2885-15/sh0.08/e35/s640x640/43698076_2199066650341783_266783259156400420_n.jpg?_nc_ht=scontent-ort2-1.cdninstagram.com"
"1548734387-30","https://www.instagram.com/marguer.ite/","https://scontent-ort2-1.cdninstagram.com/vp/9f9faf783d69fc594aa52ee3b8f3a4d7/5CFA8130/t51.2885-15/sh0.08/e35/c135.0.810.810/s640x640/42790687_866253403725763_5213046429920400170_n.jpg?_nc_ht=scontent-ort2-1.cdninstagram.com"
"1548734387-31","https://www.instagram.com/marguer.ite/","https://scontent-ort2-1.cdninstagram.com/vp/fed954db1559fc0b30f3bb64b76d9ace/5CFC68C4/t51.2885-15/sh0.08/e35/c37.0.1005.1005/s640x640/41885925_139122237051905_8891380251679496424_n.jpg?_nc_ht=scontent-ort2-1.cdninstagram.com"
